<?xml version="1.0" encoding="utf-8"?>
<odoo>
    <data noupdate="1">
        <!-- Record rule of group doctor to access doctor slot records-->
        <record id="doctor_slot_rule_doctor" model="ir.rule">
            <field name="name">Doctor Slot Rule Doctor</field>
            <field name="model_id" ref="model_doctor_slot"/>
            <field name="domain_force">
                [('doctor_id.user_id','=',user.id)]
            </field>
            <field name="groups"
                   eval="[(4, ref('base_hospital_management.base_hospital_management_group_doctor'))]"/>
        </record>
        <!-- Multi company rule for doctor slot records-->
        <record id="doctor_slot_rule_company" model="ir.rule">
            <field name="name">Doctor Slot Rule Company</field>
            <field name="model_id" ref="model_doctor_slot"/>
            <field name="domain_force">
                ['|',('company_id','=',False),('company_id', 'in', company_ids)]
            </field>
            <field name="groups"
                   eval="[(4, ref('base_hospital_management.base_hospital_management_group_doctor'))]"/>
        </record>
    </data>
</odoo>
